INSERT INTO COMPANY(ID, NAME) VALUES(1000,'amazon');
INSERT INTO COMPANY(ID, NAME) VALUES(1001,'ebay');
INSERT INTO WORK_HOURS(id,init,end)VALUES(101,'09:20:00', CURRENT_TIME );
INSERT INTO WORK_HOURS(id,init,end)VALUES(102,CURRENT_TIME, '05:20:00' );
INSERT INTO WORK_HOURS(id,init,end)VALUES(103,'01:00:00', '05:00:00');
INSERT INTO WORK_HOURS(id,init,end)VALUES(104,'05:30:00', '11:20:00');
INSERT INTO WORK_HOURS(id,init,end)VALUES(105,'11:30:00', '05:00:00');
INSERT INTO WORK_HOURS(id,init,end)VALUES(106,'01:30:00', '05:30:00');
INSERT INTO WORK_HOURS(id,init,end)VALUES(107,'08:30:00', '04:30:00');
INSERT INTO WORK_HOURS(id,init,end)VALUES(108,'11:08:00', '12:29:00');
INSERT INTO WORK_HOURS(id,init,end)VALUES(109,'04:09:00', '05:29:00');


INSERT INTO DAILY_WORK_HOURS(ID)VALUES(201);
INSERT INTO DAILY_WORK_HOURS_WORK_HOURS(DAILY_WORK_HOURS_ID,WORK_HOURS_ID)VALUES(201,101);
INSERT INTO DAILY_WORK_HOURS_WORK_HOURS(DAILY_WORK_HOURS_ID,WORK_HOURS_ID)VALUES(201,102);

INSERT INTO DAILY_WORK_HOURS(ID)VALUES(202); -- custom day
INSERT INTO DAILY_WORK_HOURS_WORK_HOURS(DAILY_WORK_HOURS_ID,WORK_HOURS_ID)VALUES(202,105);
INSERT INTO DAILY_WORK_HOURS_WORK_HOURS(DAILY_WORK_HOURS_ID,WORK_HOURS_ID)VALUES(202,104);

INSERT INTO DAILY_WORK_HOURS(ID)VALUES(203);
INSERT INTO DAILY_WORK_HOURS_WORK_HOURS(DAILY_WORK_HOURS_ID,WORK_HOURS_ID)VALUES(203,107);

INSERT INTO DAILY_WORK_HOURS(ID)VALUES(204);
INSERT INTO DAILY_WORK_HOURS_WORK_HOURS(DAILY_WORK_HOURS_ID,WORK_HOURS_ID)VALUES(204,106);

INSERT INTO DAILY_WORK_HOURS(ID)VALUES(205);
INSERT INTO DAILY_WORK_HOURS_WORK_HOURS(DAILY_WORK_HOURS_ID,WORK_HOURS_ID)VALUES(205,108);

INSERT INTO DAILY_WORK_HOURS(ID)VALUES(206);
INSERT INTO DAILY_WORK_HOURS_WORK_HOURS(DAILY_WORK_HOURS_ID,WORK_HOURS_ID)VALUES(206,109);

INSERT INTO SERVICE_PROVIDER(EMAIL,DESCRIPTION,NAME,PASSWORD,PHONE,COMPANY_ID)VALUES('sd@gmail.com','Books and Auto Parts Section','saiK tuna','PASSiT','12334546',1000);

INSERT INTO WEEKLY_WORK_HOURS(ID,COMPANY_ID,SUNDAY_ID,MONDAY_ID,TUESDAY_ID,WEDNESDAY_ID,THURSDAY_ID,FRIDAY_ID,SATURDAY_ID)VALUES(301,1000,NULL,201,201,201,203,203,204);
INSERT INTO WEEKLY_WORK_HOURS(ID,COMPANY_ID,SUNDAY_ID,MONDAY_ID,TUESDAY_ID,WEDNESDAY_ID,THURSDAY_ID,FRIDAY_ID,SATURDAY_ID)VALUES(302,1001,NULL,201,201,201,NULL,NULL,NULL);

INSERT INTO CUSTOM_DAYS(ID,DATE,REASON,COMPANY_ID,DAILY_WORK_HOURS_ID,SERVICE_PROVIDER_EMAIL)VALUES(501,'2020-10-11','service provider',1000,202,'sd@gmail.com');
INSERT INTO CUSTOM_DAYS(ID,DATE,REASON,COMPANY_ID,DAILY_WORK_HOURS_ID,SERVICE_PROVIDER_EMAIL)VALUES(502,'2020-11-08','the store',1000,201,NULL);
INSERT INTO CUSTOM_DAYS(ID,DATE,REASON,COMPANY_ID,DAILY_WORK_HOURS_ID,SERVICE_PROVIDER_EMAIL)VALUES(503,'2020-11-01','the store',1000,202,NULL);
INSERT INTO CUSTOM_DAYS(ID,DATE,REASON,COMPANY_ID,DAILY_WORK_HOURS_ID,SERVICE_PROVIDER_EMAIL)VALUES(504,'2020-10-08','the store',1000,203,NULL);
INSERT INTO CUSTOM_DAYS(ID,DATE,REASON,COMPANY_ID,DAILY_WORK_HOURS_ID,SERVICE_PROVIDER_EMAIL)VALUES(505,'2020-10-18','the store',1000,202,NULL);
INSERT INTO CUSTOM_DAYS(ID,DATE,REASON,COMPANY_ID,DAILY_WORK_HOURS_ID,SERVICE_PROVIDER_EMAIL)VALUES(506,'2020-10-28','the store',1000,201,NULL);
INSERT INTO CUSTOM_DAYS(ID,DATE,REASON,COMPANY_ID,DAILY_WORK_HOURS_ID,SERVICE_PROVIDER_EMAIL)VALUES(507,'2020-11-28','the store',1000,201,NULL);
INSERT INTO CUSTOM_DAYS(ID,DATE,REASON,COMPANY_ID,DAILY_WORK_HOURS_ID,SERVICE_PROVIDER_EMAIL)VALUES(508,'2020-11-18','the store',1000,201,NULL);




INSERT INTO SERVICE(ID,BUFFER_TIME,DESCRIPTION,DIRECT_LINK_TO_SERVICE,DURATION,IS_DURATION_VISIBLE_ONBP,IS_PRICE_AVAILABLE_ONBP,IS_SERVICE_AVAILABLE_ONBP,NAME,PRICE,COMPANY_ID)VALUES
(2001,10,'This is a book service. We take a 10 min break after every service','directLink',20,true ,true ,true,'Amazons Book Service',23.25,1000);

INSERT INTO SERVICE(ID,BUFFER_TIME,DESCRIPTION,DIRECT_LINK_TO_SERVICE,DURATION,IS_DURATION_VISIBLE_ONBP,IS_PRICE_AVAILABLE_ONBP,IS_SERVICE_AVAILABLE_ONBP,NAME,PRICE,COMPANY_ID)VALUES
(2002,5,'This is a auto-part service. We take a 5 min break after every service','directLinkAutoPart',55,true ,true ,true,'Amazons AutoParts Service',125.00,1000);

INSERT INTO SERVICE_PROVIDER_SERVICE(SERVICE_PROVIDER_EMAIL,SERVICE_ID)VALUES('sd@gmail.com',2001);
INSERT INTO SERVICE_PROVIDER_SERVICE(SERVICE_PROVIDER_EMAIL,SERVICE_ID)VALUES('sd@gmail.com',2002);

INSERT INTO WEEKLY_WORK_HOURS(ID,COMPANY_ID,SERVICE_ID,SERVICE_PROVIDER_EMAIL,SUNDAY_ID,MONDAY_ID,TUESDAY_ID,WEDNESDAY_ID,THURSDAY_ID,FRIDAY_ID,SATURDAY_ID)VALUES(311,1000,2001,NULL,NULL,201,201,201,203,203,204);
INSERT INTO WEEKLY_WORK_HOURS(ID,COMPANY_ID,SERVICE_ID,SERVICE_PROVIDER_EMAIL,SUNDAY_ID,MONDAY_ID,TUESDAY_ID,WEDNESDAY_ID,THURSDAY_ID,FRIDAY_ID,SATURDAY_ID)VALUES(312,1000,2002,NULL,NULL,201,201,201,203,203,204);

INSERT INTO WEEKLY_WORK_HOURS(ID,COMPANY_ID,SERVICE_ID,SERVICE_PROVIDER_EMAIL,SUNDAY_ID,MONDAY_ID,TUESDAY_ID,WEDNESDAY_ID,THURSDAY_ID,FRIDAY_ID,SATURDAY_ID)VALUES(321,1000,2001,'sd@gmail.com',NULL,205,205,205,205,205,205);
INSERT INTO WEEKLY_WORK_HOURS(ID,COMPANY_ID,SERVICE_ID,SERVICE_PROVIDER_EMAIL,SUNDAY_ID,MONDAY_ID,TUESDAY_ID,WEDNESDAY_ID,THURSDAY_ID,FRIDAY_ID,SATURDAY_ID)VALUES(322,1000,2002,'sd@gmail.com',NULL,206,206,206,206,206,206);


INSERT INTO CUSTOM_DAYS(ID,DATE,REASON,COMPANY_ID,DAILY_WORK_HOURS_ID,SERVICE_ID,SERVICE_PROVIDER_EMAIL)VALUES(511,'2020-10-11','SERVICE-service provider',1000,202,2001,'sd@gmail.com');
INSERT INTO CUSTOM_DAYS(ID,DATE,REASON,COMPANY_ID,DAILY_WORK_HOURS_ID,SERVICE_ID,SERVICE_PROVIDER_EMAIL)VALUES(512,'2020-10-11','SERVICE-service provider',1000,203,2002,'sd@gmail.com');

